{
  "n_frames": 100,
  "n_seqs": 1,
  "total_pts": 12136195,
  "h_min": -79.77128601074219,
  "h_max": 79.87018585205078,
  "h_mean": 0.26175491593048367,
  "h_std": 8.035601719399786,
  "sl_mean": 31.822552172256582,
  "sl_max": 76.45079376964762,
  "sl_std": 18.960041978554415,
  "source": "SemanticKITTI HDL-64E",
  "seqs": [
    "00"
  ]
}