Configuration,Compute(TOPS),mIoU(%),GeometricError(cm),Energy(mJ/frame)
Full v6.5-Sparse,0.037,4.4520438144460845,42.8432604567189,22
w/o Riemannian,0.035,4.295252192575191,42.588223294318745,21
w/o PDE,0.036,12.805662904300016,41.541581369427654,21
w/o ADMM,0.037,13.496924147045855,41.44905611198566,22
w/o Neuromorphic,0.12,4.184921185579319,80.97376226319872,68
w/o Query Sched,0.037,4.4342356391883,44.68552065635781,28
